"Reaction_ID","Subsystem","Reaction_Formula","Associated_Metabolites","Metabolite_IDs","Associated_Genes","Gene_Rules","FBA_Difference","pFBA_Difference","Sampling_Difference"
"MAR04388","Glycolysis / Gluconeogenesis",NA,"H+ [Cytosol]; L-lactate [Cytosol]; NAD+ [Cytosol]; NADH [Cytosol]; pyruvate [Cytosol]","MAM02039c[c]; MAM02403c[c]; MAM02552c[c]; MAM02553c[c]; MAM02819c[c]","TSG101","TSG101",-558.851497756123,-232.351284714705,-187.008837421757
"MAR04379","Glycolysis / Gluconeogenesis",NA,"ADP [Cytosol]; ATP [Cytosol]; fructose-1,6-bisphosphate [Cytosol]; fructose-6-phosphate [Cytosol]; H+ [Cytosol]","MAM01285c[c]; MAM01371c[c]; MAM01841c[c]; MAM01845c[c]; MAM02039c[c]","Pfk","Pfk",-351.463567081587,-493.887086546943,-349.08502637095
"MAR04363","Glycolysis / Gluconeogenesis",NA,"2-phospho-D-glycerate [Cytosol]; H2O [Cytosol]; PEP [Cytosol]","MAM00674c[c]; MAM02040c[c]; MAM02696c[c]","Eno","Eno",-700,-700,-699.434744420334
"MAR04365","Glycolysis / Gluconeogenesis",NA,"2-phospho-D-glycerate [Cytosol]; 3-phospho-D-glycerate [Cytosol]","MAM00674c[c]; MAM00913c[c]","Pglym78","Pglym78",-700,-700,-699.434744420331
"MAR04368","Glycolysis / Gluconeogenesis",NA,"1,3-bisphospho-D-glycerate [Cytosol]; 3-phospho-D-glycerate [Cytosol]; ADP [Cytosol]; ATP [Cytosol]","MAM00247c[c]; MAM00913c[c]; MAM01285c[c]; MAM01371c[c]","Pgk; Tango1","Pgk or Tango1",-700,-700,-699.483971839621
"MAR04373","Glycolysis / Gluconeogenesis",NA,"1,3-bisphospho-D-glycerate [Cytosol]; GAP [Cytosol]; H+ [Cytosol]; NAD+ [Cytosol]; NADH [Cytosol]; Pi [Cytosol]","MAM00247c[c]; MAM01939c[c]; MAM02039c[c]; MAM02552c[c]; MAM02553c[c]; MAM02751c[c]","Gapdh1; Gapdh2","Gapdh1 or Gapdh2",-700,-700,-699.493425126585
"MAR04375","Glycolysis / Gluconeogenesis",NA,"DHAP [Cytosol]; fructose-1,6-bisphosphate [Cytosol]; GAP [Cytosol]","MAM01690c[c]; MAM01841c[c]; MAM01939c[c]","Ald1","Ald1",-351.463567081587,-351.462103514505,-287.47318718452
"MAR04381","Glycolysis / Gluconeogenesis",NA,"fructose-6-phosphate [Cytosol]; glucose-6-phosphate [Cytosol]","MAM01845c[c]; MAM01968c[c]","Pgi","Pgi",-141.474351035056,-334.149065687527,-200.784095968996
"MAR04391","Glycolysis / Gluconeogenesis",NA,"DHAP [Cytosol]; GAP [Cytosol]","MAM01690c[c]; MAM01939c[c]","Tpi","Tpi",-348.845629610379,-348.846783980769,-348.194672844604
"MAR08568","Starch and sucrose metabolism",NA,"fructose [Cytosol]; H2O [Cytosol]; maltodecaose [Cytosol]; maltononaose [Cytosol]","MAM01840c[c]; MAM02040c[c]; MAM02445c[c]; MAM02448c[c]","Amy-p","Amy-p",-23.4008454922737,-1.79308128175256,-16.6203790400164
"MAR08570","Starch and sucrose metabolism",NA,"fructose [Cytosol]; H2O [Cytosol]; maltoheptaose [Cytosol]; maltononaose [Cytosol]","MAM01840c[c]; MAM02040c[c]; MAM02446c[c]; MAM02448c[c]","Amy-p","Amy-p",-23.4008454922737,-1.79308128175256,-16.6203790400152
"MAR08572","Starch and sucrose metabolism",NA,"fructose [Cytosol]; H2O [Cytosol]; maltoheptaose [Cytosol]; maltohexaose [Cytosol]","MAM01840c[c]; MAM02040c[c]; MAM02446c[c]; MAM02447c[c]","Amy-p","Amy-p",-23.4008454922737,-1.79308128175256,-16.6203790400174
"MAR08574","Starch and sucrose metabolism",NA,"fructose [Cytosol]; H2O [Cytosol]; maltohexaose [Cytosol]; maltopentaose [Cytosol]","MAM01840c[c]; MAM02040c[c]; MAM02447c[c]; MAM02449c[c]","Amy-p","Amy-p",-23.4008454922737,-1.79308128175256,-16.6203790400232
"MAR08576","Starch and sucrose metabolism",NA,"fructose [Cytosol]; H2O [Cytosol]; maltopentaose [Cytosol]; maltotetraose [Cytosol]","MAM01840c[c]; MAM02040c[c]; MAM02449c[c]; MAM02451c[c]","Amy-p","Amy-p",-23.4008454922737,-1.79308128175256,-16.6203790400206
"MAR08578","Starch and sucrose metabolism",NA,"fructose [Cytosol]; H2O [Cytosol]; maltotetraose [Cytosol]; maltotriose [Cytosol]","MAM01840c[c]; MAM02040c[c]; MAM02451c[c]; MAM02452c[c]","Amy-p","Amy-p",-23.4008454922737,-1.79308128175256,-16.6203790400166
"MAR08582","Starch and sucrose metabolism",NA,"fructose [Cytosol]; H2O [Cytosol]; maltose [Cytosol]","MAM01840c[c]; MAM02040c[c]; MAM02450c[c]","Amy-p","Amy-p",-23.4008454922737,-1.79308128175256,-16.1717735463756
"MAR04089","Pyruvate metabolism",NA,"CO2 [Cytosol]; malate [Cytosol]; NADP+ [Cytosol]; NADPH [Cytosol]; pyruvate [Cytosol]","MAM01596c[c]; MAM02439c[c]; MAM02554c[c]; MAM02555c[c]; MAM02819c[c]","Men","Men",-163.444453103123,-11.2306200007426,-59.0606128883094
"MAR04489","Purine metabolism",NA,"dADP [Cytosol]; dATP [Cytosol]; fructose [Cytosol]; fructose-6-phosphate [Cytosol]; H+ [Cytosol]","MAM01637c[c]; MAM01642c[c]; MAM01840c[c]; MAM01845c[c]; MAM02039c[c]","Hex-A","Hex-A",-210.607609430463,-17.9308128175256,-129.324291386323
"MAR04670","Pyrimidine metabolism",NA,"ADP [Cytosol]; ATP [Cytosol]; dCDP [Cytosol]; dCTP [Cytosol]","MAM01285c[c]; MAM01371c[c]; MAM01643c[c]; MAM01645c[c]","awd","awd",-2.37231161910938,-2.36993930749029,-2.82954189305193
"MAR04792","Glycine, serine and threonine metabolism",NA,"5,10-methylene-THF [Mitochondria]; glycine [Mitochondria]; H2O [Mitochondria]; serine [Mitochondria]; THF [Mitochondria]","MAM01045m[m]; MAM01986m[m]; MAM02040m[m]; MAM02896m[m]; MAM02980m[m]","Shmt","Shmt",-9.31466401267915,-7.19468945018841,-6.37092747198203
"MAR05130","Aminoacyl-tRNA biosynthesis",NA,"AMP [Cytosol]; ATP [Cytosol]; L-tyrosyl-tRNA(tyr) [Cytosol]; PPi [Cytosol]; tRNA(tyr) [Cytosol]; tyrosine [Cytosol]","MAM01334c[c]; MAM01371c[c]; MAM02421c[c]; MAM02759c[c]; MAM03081c[c]; MAM03101c[c]","TyrRS","TyrRS",-6.49313053128674,-6.48663740075545,-7.52819636205247
"MAR05131","Aminoacyl-tRNA biosynthesis",NA,"alanine [Cytosol]; AMP [Cytosol]; ATP [Cytosol]; L-alanyl-tRNA(ala) [Cytosol]; PPi [Cytosol]; tRNA(ala) [Cytosol]","MAM01307c[c]; MAM01334c[c]; MAM01371c[c]; MAM02335c[c]; MAM02759c[c]; MAM03063c[c]","AlaRS","AlaRS",-17.624211442064,-17.6065872306219,-20.4339962092023
"MAR05132","Aminoacyl-tRNA biosynthesis",NA,"AMP [Cytosol]; arginine [Cytosol]; ATP [Cytosol]; L-arginyl-tRNA(arg) [Cytosol]; PPi [Cytosol]; tRNA(arg) [Cytosol]","MAM01334c[c]; MAM01365c[c]; MAM01371c[c]; MAM02340c[c]; MAM02759c[c]; MAM03064c[c]","ArgRS","ArgRS",-10.6672858728282,-10.6566185869554,-12.3681691632531
"MAR05133","Aminoacyl-tRNA biosynthesis",NA,"AMP [Cytosol]; asparagine [Cytosol]; ATP [Cytosol]; L-asparaginyl-tRNA(asn) [Cytosol]; PPi [Cytosol]; tRNA(asn) [Cytosol]","MAM01334c[c]; MAM01369c[c]; MAM01371c[c]; MAM02341c[c]; MAM02759c[c]; MAM03065c[c]","AsnRS","AsnRS",-2.31897518974526,-2.31665621455552,-2.68882387490237
"MAR05134","Aminoacyl-tRNA biosynthesis",NA,"AMP [Cytosol]; aspartate [Cytosol]; ATP [Cytosol]; L-aspartyl-tRNA(asp) [Cytosol]; PPi [Cytosol]; tRNA(asp) [Cytosol]","MAM01334c[c]; MAM01370c[c]; MAM01371c[c]; MAM02342c[c]; MAM02759c[c]; MAM03066c[c]","AspRS","AspRS",-6.49313053128674,-6.48663740075545,-7.52887348940334
"MAR05135","Aminoacyl-tRNA biosynthesis",NA,"AMP [Cytosol]; ATP [Cytosol]; cysteine [Cytosol]; L-cysteinyl-tRNA(cys) [Cytosol]; PPi [Cytosol]; tRNA(cys) [Cytosol]","MAM01334c[c]; MAM01371c[c]; MAM01628c[c]; MAM02351c[c]; MAM02759c[c]; MAM03067c[c]","CysRS","CysRS",-2.78277022769432,-2.77998745746662,-3.22612676145023
"MAR05136","Aminoacyl-tRNA biosynthesis",NA,"AMP [Cytosol]; ATP [Cytosol]; glutamine [Cytosol]; L-glutaminyl-tRNA(gln) [Cytosol]; PPi [Cytosol]; tRNA(gln) [Cytosol]","MAM01334c[c]; MAM01371c[c]; MAM01975c[c]; MAM02376c[c]; MAM02759c[c]; MAM03068c[c]","GlnRS","GlnRS",-3.24656526564337,-3.24331870037772,-3.76517744944221
"MAR05137","Aminoacyl-tRNA biosynthesis",NA,"AMP [Cytosol]; ATP [Cytosol]; glutamate [Cytosol]; L-glutamyl-tRNA(glu) [Cytosol]; PPi [Cytosol]; tRNA(glu) [Cytosol]","MAM01334c[c]; MAM01371c[c]; MAM01974c[c]; MAM02377c[c]; MAM02759c[c]; MAM03069c[c]","GluProRS","GluProRS",-6.95692556923579,-6.94996864366655,-8.06751075832101
"MAR05138","Aminoacyl-tRNA biosynthesis",NA,"AMP [Cytosol]; ATP [Cytosol]; glycine [Cytosol]; glycyl-tRNA(gly) [Cytosol]; PPi [Cytosol]; tRNA(gly) [Cytosol]","MAM01334c[c]; MAM01371c[c]; MAM01986c[c]; MAM02006c[c]; MAM02759c[c]; MAM03070c[c]","GlyRS","GlyRS",-12.9862610625735,-12.9732748015109,-15.0561751724906
"MAR05139","Aminoacyl-tRNA biosynthesis",NA,"AMP [Cytosol]; ATP [Cytosol]; histidine [Cytosol]; L-histidyl-tRNA(his) [Cytosol]; PPi [Cytosol]; tRNA(his) [Cytosol]","MAM01334c[c]; MAM01371c[c]; MAM02125c[c]; MAM02380c[c]; MAM02759c[c]; MAM03071c[c]","HisRS","HisRS",-4.63795037949053,-4.63331242911103,-5.37736160674002
"MAR05140","Aminoacyl-tRNA biosynthesis",NA,"AMP [Cytosol]; ATP [Cytosol]; isoleucine [Cytosol]; L-isoleucyl-tRNA(ile) [Cytosol]; PPi [Cytosol]; tRNA(ile) [Cytosol]","MAM01334c[c]; MAM01371c[c]; MAM02184c[c]; MAM02401c[c]; MAM02759c[c]; MAM03072c[c]","IleRS","IleRS",-2.78277022769432,-2.77998745746662,-3.22612676144871
"MAR05141","Aminoacyl-tRNA biosynthesis",NA,"AMP [Cytosol]; ATP [Cytosol]; leucine [Cytosol]; L-leucyl-tRNA(leu) [Cytosol]; PPi [Cytosol]; tRNA(leu) [Cytosol]","MAM01334c[c]; MAM01371c[c]; MAM02360c[c]; MAM02404c[c]; MAM02759c[c]; MAM03073c[c]","LeuRS","LeuRS",-17.1604164041149,-17.1432559877108,-19.8976105093567
"MAR05142","Aminoacyl-tRNA biosynthesis",NA,"AMP [Cytosol]; ATP [Cytosol]; L-lysyl-tRNA(lys) [Cytosol]; lysine [Cytosol]; PPi [Cytosol]; tRNA(lys) [Cytosol]","MAM01334c[c]; MAM01371c[c]; MAM02405c[c]; MAM02426c[c]; MAM02759c[c]; MAM03074c[c]","LysRS","LysRS",-6.49313053128674,-6.48663740075545,-7.52926847755442
"MAR05143","Aminoacyl-tRNA biosynthesis",NA,"AMP [Cytosol]; ATP [Cytosol]; L-methionyl-tRNA(met) [Cytosol]; methionine [Cytosol]; PPi [Cytosol]; tRNA(met) [Cytosol]","MAM01334c[c]; MAM01371c[c]; MAM02408c[c]; MAM02471c[c]; MAM02759c[c]; MAM03075c[c]","MetRS","MetRS",-6.49313053128674,-6.48663740075545,-7.52798893225916
"MAR05145","Aminoacyl-tRNA biosynthesis",NA,"AMP [Cytosol]; ATP [Cytosol]; L-phenylalanyl-tRNA(phe) [Cytosol]; phenylalanine [Cytosol]; PPi [Cytosol]; tRNA(phe) [Cytosol]","MAM01334c[c]; MAM01371c[c]; MAM02412c[c]; MAM02724c[c]; MAM02759c[c]; MAM03076c[c]","α-PheRS; β-PheRS","α-PheRS and β-PheRS",-4.63795037949053,-4.63331242911103,-5.37750380722419
"MAR05146","Aminoacyl-tRNA biosynthesis",NA,"AMP [Cytosol]; ATP [Cytosol]; L-prolyl-tRNA(pro) [Cytosol]; PPi [Cytosol]; proline [Cytosol]; tRNA(pro) [Cytosol]","MAM01334c[c]; MAM01371c[c]; MAM02415c[c]; MAM02759c[c]; MAM02770c[c]; MAM03077c[c]","GluProRS","GluProRS",-12.0586709866754,-12.0466123156887,-13.9807142434909
"MAR05147","Aminoacyl-tRNA biosynthesis",NA,"AMP [Cytosol]; ATP [Cytosol]; L-seryl-tRNA(ser) [Cytosol]; PPi [Cytosol]; serine [Cytosol]; tRNA(ser) [Cytosol]","MAM01334c[c]; MAM01371c[c]; MAM02416c[c]; MAM02759c[c]; MAM02896c[c]; MAM03078c[c]","SerRS","SerRS",-11.5948759487263,-11.5832810727776,-13.4435025016955
"MAR05148","Aminoacyl-tRNA biosynthesis",NA,"AMP [Cytosol]; ATP [Cytosol]; L-threonyl-tRNA(thr) [Cytosol]; PPi [Cytosol]; threonine [Cytosol]; tRNA(thr) [Cytosol]","MAM01334c[c]; MAM01371c[c]; MAM02419c[c]; MAM02759c[c]; MAM02993c[c]; MAM03079c[c]","ThrRS","ThrRS",-4.63795037949053,-4.63331242911103,-5.37779729146551
"MAR05149","Aminoacyl-tRNA biosynthesis",NA,"AMP [Cytosol]; ATP [Cytosol]; L-tryptophanyl-tRNA(trp) [Cytosol]; PPi [Cytosol]; tRNA(trp) [Cytosol]; tryptophan [Cytosol]","MAM01334c[c]; MAM01371c[c]; MAM02420c[c]; MAM02759c[c]; MAM03080c[c]; MAM03089c[c]","TrpRS","TrpRS",-1.39138511384716,-1.38999372873331,-1.61343332670944
"MAR05150","Aminoacyl-tRNA biosynthesis",NA,"AMP [Cytosol]; ATP [Cytosol]; L-valyl-tRNA(val) [Cytosol]; PPi [Cytosol]; tRNA(val) [Cytosol]; valine [Cytosol]","MAM01334c[c]; MAM01371c[c]; MAM02423c[c]; MAM02759c[c]; MAM03082c[c]; MAM03135c[c]","ValRS","ValRS",-9.27590075898105,-9.26662485822207,-10.7549494334135
"MAR06912","Oxidative phosphorylation",NA,"H+ [Mitochondria]; H2O [Mitochondria]; Pi [Mitochondria]; PPi [Mitochondria]","MAM02039m[m]; MAM02040m[m]; MAM02751m[m]; MAM02759m[m]","Nurf-38; pn","Nurf-38 or pn",-161.360880622418,-162.507514255442,-185.028697003081
"MAR06916","Oxidative phosphorylation",NA,"ADP [Mitochondria]; ATP [Mitochondria]; H+ [Mitochondria]; H2O [Mitochondria]; Pi [Mitochondria]; H+ [Inner mitochondria]","MAM01285m[m]; MAM01371m[m]; MAM02039m[m]; MAM02040m[m]; MAM02751m[m]; MAM02039i[i]","sun","sun",-65.7003653563032,-66.3020454532086,-105.145533819657
"MAR00226","Fatty acid activation (cytosolic)",NA,"AMP [Cytosol]; ATP [Cytosol]; CoA [Cytosol]; palmitolate [Cytosol]; palmitoleoyl-CoA [Cytosol]; PPi [Cytosol]","MAM01334c[c]; MAM01371c[c]; MAM01597c[c]; MAM02675c[c]; MAM02677c[c]; MAM02759c[c]","Acsl; CG3961; Fatp1","Acsl or CG3961 or Fatp1",-159.488696980125,-160.608546254327,-182.80754383156
"MAR02731","Carnitine shuttle (mitochondrial)",NA,"docosahexaenoylcarnitine [Cytosol]; docosahexaenoylcarnitine [Mitochondria]; L-carnitine [Cytosol]; L-carnitine [Mitochondria]","MAM01723c[c]; MAM01723m[m]; MAM02348c[c]; MAM02348m[m]","CG5592; CG6231","CG5592 or CG6231",-159.505700470622,-160.654189283798,-183.309147444994
"MAR00758","Sphingolipid metabolism",NA,"ceramide pool [Cytosol]; CoA [Cytosol]; H+ [Cytosol]; sphingosine [Cytosol]; acyl-CoA pool [Cytosol]","MAM01430c[c]; MAM01597c[c]; MAM02039c[c]; MAM02929c[c]; MAM10007c[c]","schlank","schlank",-2.74100647666714,-1.42974754937546,-2.70893698641627
"MAR00773","Sphingolipid metabolism",NA,"ADP [Cytosol]; ATP [Cytosol]; H+ [Cytosol]; sphingosine [Cytosol]; sphingosine-1-phosphate [Cytosol]","MAM01285c[c]; MAM01371c[c]; MAM02039c[c]; MAM02929c[c]; MAM02930c[c]","Pdp1","Pdp1",-2.74100647666714,-1.42974754937546,-2.72869578471053
"MAR04744","Porphyrin metabolism",NA,"5-aminolevulinate [Cytosol]; H+ [Cytosol]; H2O [Cytosol]; porphobilinogen [Cytosol]","MAM01074c[c]; MAM02039c[c]; MAM02040c[c]; MAM02756c[c]","Pbgs","Pbgs",-1.85518015179621,-1.85332497164441,-2.15075117430825
"MAR05029","Transport reactions",NA,"glucose [Cytosol]; glucose [Extracellular]","MAM01965c[c]; MAM01965e[e]","Tret1-1","Tret1-1",-118.630059588321,-334.705063179021,-148.318405986077
"MAR05092","Transport reactions",NA,"isoleucine [Cytosol]; isoleucine [Extracellular]","MAM02184c[c]; MAM02184e[e]","gb; mnd","gb or mnd",-3.24656526564337,-3.24331870037772,-1.96064875909527
"MAR05303","Transport reactions",NA,"ATP [Cytosol]; ATP [Extracellular]","MAM01371c[c]; MAM01371e[e]","No genes associated","No rule available",-2.56014860948267,-2.55758846086727,-2.99066765167167
"MAR05470","Transport reactions",NA,"glycine [Cytosol]; glycine [Extracellular]; threonine [Cytosol]; threonine [Extracellular]","MAM01986c[c]; MAM01986e[e]; MAM02993c[c]; MAM02993e[e]","CD98hc","CD98hc",-980.104721832742,-12.7948553544164,-80.897524085358
"MAR06013","Transport reactions",NA,"2-hydroxybutyrate [Cytosol]; 2-hydroxybutyrate [Extracellular]; retinoate [Cytosol]; retinoate [Extracellular]","MAM00648c[c]; MAM00648e[e]; MAM02833c[c]; MAM02833e[e]","CG13907; chk; hrm","CG13907 or chk or hrm",-200,-2.44265420402494,-2.08129335827913
"MAR06048","Transport reactions",NA,"butyrate [Cytosol]; butyrate [Extracellular]; L-lactate [Cytosol]; L-lactate [Extracellular]","MAM01410c[c]; MAM01410e[e]; MAM02403c[c]; MAM02403e[e]","CG13907; chk; hrm","CG13907 or chk or hrm",-500,-100,-12.9866902258881
"MAR06063","Transport reactions",NA,"GSH [Cytosol]; GSH [Extracellular]; HCO3- [Cytosol]; HCO3- [Extracellular]; ursodeoxycholate [Cytosol]; ursodeoxycholate [Extracellular]","MAM02026c[c]; MAM02026e[e]; MAM02046c[c]; MAM02046e[e]; MAM03129c[c]; MAM03129e[e]","Oatp74D","Oatp74D",-100,-100,-28.7818201040609
"MAR07685","Transport reactions",NA,"hydroxide [Cytosol]; hydroxide [Extracellular]; THF [Cytosol]; THF [Extracellular]","MAM02147c[c]; MAM02147e[e]; MAM02980c[c]; MAM02980e[e]","CG17036","CG17036",-50.7005379636358,-40.3442982558698,-42.6727676077311
"MAR08567","Transport reactions",NA,"maltodecaose [Cytosol]; maltodecaose [Extracellular]","MAM02445c[c]; MAM02445e[e]","No genes associated","No rule available",-23.4008454922736,-1.79308128175256,-16.6203790400187
"MAR00578","Transport reactions",NA,"acyl-CoA pool [Cytosol]; acyl-CoA pool [Mitochondria]","MAM10007c[c]; MAM10007m[m]","No genes associated","No rule available",-1.85518015179621,-1.85332497164441,-2.18154309104008
"MAR04743","Transport reactions",NA,"5-aminolevulinate [Cytosol]; 5-aminolevulinate [Mitochondria]","MAM01074c[c]; MAM01074m[m]","No genes associated","No rule available",-3.71036030359244,-3.70664994328883,-4.3015023486136
"MAR04851","Transport reactions",NA,"AKG [Cytosol]; AKG [Mitochondria]; succinate [Cytosol]; succinate [Mitochondria]","MAM01306c[c]; MAM01306m[m]; MAM02943c[c]; MAM02943m[m]","Dic1","Dic1",-111.653420157321,-18.1805886444092,-120.951730251124
"MAR04863","Transport reactions",NA,"succinate [Cytosol]; succinate [Mitochondria]; sulfate [Cytosol]; sulfate [Mitochondria]","MAM02943c[c]; MAM02943m[m]; MAM02946c[c]; MAM02946m[m]","Dic1","Dic1",-764.854916221527,-335.975786828931,-133.871554973097
"MAR04914","Transport reactions",NA,"CoA [Cytosol]; CoA [Mitochondria]","MAM01597c[c]; MAM01597m[m]","DPCoAC","DPCoAC",-157.650520318825,-158.800864312153,-180.676818164709
"MAR03273","Fatty acid oxidation",NA,"AMP [Mitochondria]; ATP [Mitochondria]; CoA [Mitochondria]; palmitoleoyl-CoA [Mitochondria]; PPi [Mitochondria]; palmitolate [Mitochondria]","MAM01334m[m]; MAM01371m[m]; MAM01597m[m]; MAM02677m[m]; MAM02759m[m]; MAM02675m[m]","Acsl; CG3961","Acsl or CG3961",-159.505700470622,-160.654189283798,-182.877767090231
"MAR11304","Transport reactions",NA,"L-carnitine [Cytosol]; L-carnitine [Mitochondria]; palmitolate [Cytosol]; palmitolate [Mitochondria]","MAM02348c[c]; MAM02348m[m]; MAM02675c[c]; MAM02675m[m]","No genes associated","No rule available",-159.505700470622,-160.654189283798,-182.877767090233
"MAR11802","Transport reactions",NA,"ADP [Cytosol]; ATP [Cytosol]; H+ [Cytosol]; H2O [Cytosol]; Pi [Cytosol]; sphingosine-1-phosphate [Cytosol]; sphingosine-1-phosphate [Extracellular]","MAM01285c[c]; MAM01371c[c]; MAM02039c[c]; MAM02040c[c]; MAM02751c[c]; MAM02930c[c]; MAM02930e[e]","MRP","MRP",-1.38442818827799,-1.38304376009002,-2.25639357670828
"MAR12040","Sphingolipid metabolism",NA,"ceramide pool [Cytosol]; ceramide pool [Extracellular]","MAM01430c[c]; MAM01430e[e]","No genes associated","No rule available",-3.20498703263138,-1.89326412478373,-3.2839893962236
"MAR10035","Pool reactions",NA,"Multiple metabolites","Multiple IDs","No genes associated","No rule available",-1.22655235735999,-1.2253258050027,-1.45762012096834
"MAR04002","Purine metabolism",NA,"ADP [Cytosol]; AMP [Cytosol]; ATP [Cytosol]","MAM01285c[c]; MAM01334c[c]; MAM01371c[c]","Ak2; Ak3","Ak2 or Ak3",-4.47794109139841,-4.47346315030666,-3.48763744280373
"MAR03950","Transport reactions",NA,"5,10-methylene-THF [Cytosol]; 5,10-methylene-THF [Mitochondria]","MAM01045c[c]; MAM01045m[m]","No genes associated","No rule available",-9.31466401267915,-7.19468945018841,-6.37092747197014
"MAR03952","Transport reactions",NA,"THF [Cytosol]; THF [Mitochondria]","MAM02980c[c]; MAM02980m[m]","No genes associated","No rule available",-9.31466401267915,-7.19468945018841,-6.37092747196868
"MAR05114","Transport reactions",NA,"serine [Cytosol]; serine [Mitochondria]","MAM02896c[c]; MAM02896m[m]","Sfxn1-3","Sfxn1-3",-9.31466401267912,-7.19468945018841,-6.37092747198554
"MAR20017","Alanine, aspartate and glutamate metabolism",NA,"AKG [Cytosol]; glutamate [Cytosol]; glutamine [Cytosol]; H+ [Cytosol]; NAD+ [Cytosol]; NADH [Cytosol]","MAM01306c[c]; MAM01974c[c]; MAM01975c[c]; MAM02039c[c]; MAM02552c[c]; MAM02553c[c]","GS","GS",-179.014421326085,-428.868653537289,-221.181444385771
"MAR04332","Folate metabolism",NA,"dihydrofolate [Cytosol]; H+ [Cytosol]; NAD+ [Cytosol]; NADH [Cytosol]; THF [Cytosol]","MAM01700c[c]; MAM02039c[c]; MAM02552c[c]; MAM02553c[c]; MAM02980c[c]","Dhfr","Dhfr",-51.4426100243543,-41.0856282445275,-42.9804035311626
"MAR08471","Nucleotide metabolism",NA,"CDP [Cytosol]; CMP [Cytosol]; dCDP [Cytosol]; dCTP [Cytosol]","MAM01424c[c]; MAM01590c[c]; MAM01643c[c]; MAM01645c[c]","Cmpk","Cmpk",-1.90851658116037,-1.90660806457919,-2.29170709458763
"MAR07801","Nucleotide metabolism",NA,"ADP [Mitochondria]; AMP [Mitochondria]; GDP [Mitochondria]; GTP [Mitochondria]","MAM01285m[m]; MAM01334m[m]; MAM01948m[m]; MAM02034m[m]","Ak3","Ak3",-159.969495508571,-161.117520526709,-183.415147577052
"MAR04654","Folate metabolism",NA,"dihydrofolate [Cytosol]; folate [Cytosol]; NAD+ [Cytosol]; NADH [Cytosol]","MAM01700c[c]; MAM01830c[c]; MAM02552c[c]; MAM02553c[c]","Dhfr","Dhfr",-51.1643330015849,-40.8076294987809,-42.6543558197965
"MAR00112","Fatty acid oxidation",NA,"docosahexaenoylcarnitine [Cytosol]; docosahexaenoylcarnitine [Mitochondria]","MAM01723c[c]; MAM01723m[m]","No genes associated","No rule available",-159.505700470622,-160.654189283798,-182.877767090236
"MAR02379","Transport reactions",NA,"palmitoleoyl-CoA [Cytosol]; palmitoleoyl-CoA [Mitochondria]","MAM02677c[c]; MAM02677m[m]","No genes associated","No rule available",-159.505700470622,-160.654189283798,-182.915142519268
"MAR09034","Exchange/demand reactions",NA,"glucose [Extracellular]","MAM01965e[e]","No genes associated","No rule available",-118.630059588321,-334.705063179021,-58.3620165267164
"MAR09038","Exchange/demand reactions",NA,"histidine [Extracellular]","MAM02125e[e]","No genes associated","No rule available",-5.10174541743959,-147.825804737818,-21.6730932119284
"MAR09039","Exchange/demand reactions",NA,"isoleucine [Extracellular]","MAM02184e[e]","No genes associated","No rule available",-3.24656526564331,-3.24331870037772,-3.75981453605559
"MAR09041","Exchange/demand reactions",NA,"lysine [Extracellular]","MAM02426e[e]","No genes associated","No rule available",-6.95692556923575,-6.94996864366655,-8.0684003949539
"MAR09042","Exchange/demand reactions",NA,"methionine [Extracellular]","MAM02471e[e]","No genes associated","No rule available",-7.42072060718488,-7.41329988657766,-8.65498363077018
"MAR09045","Exchange/demand reactions",NA,"tryptophan [Extracellular]","MAM03089e[e]","No genes associated","No rule available",-1.85518015179616,-1.85332497164441,-2.14770543981041
"MAR09046","Exchange/demand reactions",NA,"valine [Extracellular]","MAM03135e[e]","No genes associated","No rule available",-9.73969579693005,-9.72995610113317,-11.279448766372
"MAR09061","Exchange/demand reactions",NA,"alanine [Extracellular]","MAM01307e[e]","No genes associated","No rule available",-833.72763025556,-776.315500273747,-598.161080390851
"MAR09062","Exchange/demand reactions",NA,"asparagine [Extracellular]","MAM01369e[e]","No genes associated","No rule available",-2.7827702276943,-2.77998745746662,-3.22141302720547
"MAR09063","Exchange/demand reactions",NA,"glutamine [Extracellular]","MAM01975e[e]","No genes associated","No rule available",-182.724781629678,-432.575303480578,-222.64948743115
"MAR09065","Exchange/demand reactions",NA,"cysteine [Extracellular]","MAM01628e[e]","No genes associated","No rule available",-3.24656526564331,-3.24331870037773,-3.70711539582087
"MAR09066","Exchange/demand reactions",NA,"arginine [Extracellular]","MAM01365e[e]","No genes associated","No rule available",-11.1310809107772,-11.1199498298665,-12.8973077281582
"MAR09067","Exchange/demand reactions",NA,"glycine [Extracellular]","MAM01986e[e]","No genes associated","No rule available",-22.4864430904323,-20.3532967488637,-22.0436937805376
"MAR09068","Exchange/demand reactions",NA,"proline [Extracellular]","MAM02770e[e]","No genes associated","No rule available",-12.5224660246244,-12.5099435585998,-13.504356882864
"MAR09069","Exchange/demand reactions",NA,"serine [Extracellular]","MAM02896e[e]","No genes associated","No rule available",-12.8007430473939,-12.7879423043465,-11.6040881894927
"MAR09135","Exchange/demand reactions",NA,"L-lactate [Extracellular]","MAM02403e[e]","No genes associated","No rule available",-260.444196793476,-364.060544361748,-154.029078573247
"MAR09146","Exchange/demand reactions",NA,"folate [Extracellular]","MAM01830e[e]","No genes associated","No rule available",-51.1643330015849,-40.8076294987809,-42.6543558198146
"MAR09421","Exchange/demand reactions",NA,"THF [Extracellular]","MAM02980e[e]","No genes associated","No rule available",-50.7005379636358,-40.3442982558698,-42.6727676077278
"MAR09448","Exchange/demand reactions",NA,"maltodecaose [Extracellular]","MAM02445e[e]","No genes associated","No rule available",-23.4008454922737,-1.79308128175256,-36.7999731595991
"MAR00569","Exchange/demand reactions",NA,"ATP [Extracellular]","MAM01371e[e]","No genes associated","No rule available",-2.56014860948267,-2.55758846086727,-3.16972362703985
"MAR04384","Exchange/demand reactions",NA,"ceramide pool [Extracellular]","MAM01430e[e]","No genes associated","No rule available",-3.20498703263138,-1.89326412478373,-3.28398939622699
